代码,名称,最新价,涨跌幅,最高,最低,成交额,行情时间,类型,所属板块
002371,北方华创,633.93,-2.93,655.6,625.13,3796810000.0,20260928161424,自选股,半导体设备
688012,中微公司,324.5,-4.36,344.48,323.1,4663690000.0,20260928161440,自选股,半导体设备
688072,拓荆科技,653.8,-6.72,704.05,651.87,3705260000.0,20260928161458,自选股,半导体设备
688120,华海清科,234.24,-5.23,248.86,233.01,2159610000.0,20260928161456,自选股,半导体设备
688037,芯源微,340.18,-1.39,357.88,337.12,1324360000.0,20260928161451,自选股,半导体设备
002916,深南电路,370.98,-5.96,393.5,368.83,2888350000.0,20260928161406,自选股,PCB
300476,胜宏科技,213.5,-8.25,231.49,213.29,5950410000.0,20260928161439,自选股,PCB
002463,沪电股份,117.2,-5.52,123.75,116.23,4997110000.0,20260928161500,自选股,PCB
600584,长电科技,65.43,-4.87,68.75,65.06,4015130000.0,20260928161500,自选股,封测
688041,海光信息,240.5,-3.14,246.93,238.3,4157920000.0,20260928161456,自选股,国产算力
603019,中科曙光,80.02,-2.62,82.49,80.0,1786340000.0,20260928161441,自选股,国产算力
001309,德明利,371.28,-5.87,396.98,367.67,3649110000.0,20260928161439,自选股,存储芯片
600183,生益科技,131.95,-3.92,138.5,130.0,6066530000.0,20260928161451,自选股,覆铜板
688981,中芯国际,116.56,-2.85,119.62,115.29,3150560000.0,20260928161458,自选股,晶圆制造
688008,澜起科技,208.6,-2.75,213.94,205.0,6986850000.0,20260928161458,自选股,存储/接口芯片
603986,兆易创新,358.51,-6.58,380.0,357.14,10407940000.0,20260928161457,自选股,存储芯片
300661,圣邦股份,117.0,-2.94,123.53,116.6,1264980000.0,20260928161421,自选股,模拟芯片
688052,纳芯微,246.15,-2.71,254.68,242.0,731360000.0,20260928161450,自选股,模拟芯片
603893,瑞芯微,211.28,-3.55,221.5,209.58,2474920000.0,20260928161451,自选股,芯片设计
688300,联瑞新材,145.69,-13.18,166.0,145.11,1603240000.0,20260928161441,自选股,半导体材料
300308,中际旭创,815.0,-9.03,888.0,808.0,25185480000.0,20260928161409,自选股,光模块/CPO
300502,新易盛,399.7,-8.11,434.0,397.5,15810200000.0,20260928161403,自选股,光模块/CPO
300394,天孚通信,244.8,-8.63,264.0,243.0,8393960000.0,20260928161409,自选股,光模块/CPO
002281,光迅科技,163.8,-10.0,180.25,163.79,6309950000.0,20260928161421,自选股,光模块/CPO
601138,工业富联,58.92,-3.41,61.0,58.28,3811350000.0,20260928161458,自选股,AI服务器
000977,浪潮信息,67.05,-4.08,69.5,66.8,2953550000.0,20260928161409,自选股,AI服务器
688047,龙芯中科,99.91,-4.57,104.0,99.73,381290000.0,20260928161454,自选股,国产CPU
688256,寒武纪,1020.0,-6.55,1080.0,1020.0,8843410000.0,20260928161457,自选股,国产AI芯片
300496,中科创达,53.21,-3.32,55.21,53.2,370420000.0,20260928161445,自选股,软件/智能驾驶
002049,紫光国微,58.63,-3.25,60.45,58.38,646380000.0,20260928161439,自选股,芯片设计
002384,东山精密,168.28,-9.52,184.61,167.84,10009350000.0,20260928161500,自选股,PCB/消费电子
603228,景旺电子,95.0,-8.26,103.49,93.5,2556700000.0,20260928161454,自选股,PCB
002436,兴森科技,41.14,-5.01,43.87,41.0,3760700000.0,20260928161427,自选股,PCB
688126,沪硅产业,23.83,-3.91,24.7,23.73,1411860000.0,20260928161451,自选股,半导体材料
688141,杰华特,100.71,-10.4,112.0,99.88,1504280000.0,20260928161450,自选股,电源芯片
688082,盛美上海,286.01,-5.95,309.5,285.0,1798230000.0,20260928161440,自选股,半导体设备
688627,精智达,432.0,-5.69,457.0,422.0,1666920000.0,20260928161446,自选股,检测设备/显示
688668,鼎通科技,213.04,-8.17,233.99,208.66,1216950000.0,20260928161454,自选股,光通信
002130,沃尔核材,15.68,-2.55,16.09,15.56,335580000.0,20260928161500,自选股,高速铜缆
300604,长川科技,248.93,-4.62,264.33,247.6,4056200000.0,20260928161436,自选股,半导体设备
688200,华峰测控,388.88,-2.31,410.6,384.0,2133030000.0,20260928161454,自选股,半导体检测
688361,中科飞测,361.24,-2.45,377.35,353.0,3131950000.0,20260928161443,自选股,半导体检测
300666,江丰电子,232.64,-4.51,244.97,229.6,1590360000.0,20260928161430,自选股,半导体材料
688396,华润微,56.31,-4.83,59.15,55.8,855010000.0,20260928161450,自选股,功率半导体
603290,斯达半导,82.81,-3.65,86.01,82.04,315770000.0,20260928161433,自选股,功率半导体
300373,扬杰科技,85.01,-3.54,88.18,83.84,795350000.0,20260928161442,自选股,功率半导体
688099,晶晨股份,88.27,-1.4,89.79,86.36,781540000.0,20260928161455,自选股,芯片设计
688525,佰维存储,198.25,-6.05,209.38,198.2,3311030000.0,20260928161442,自选股,存储芯片
688347,华虹公司,213.76,-4.61,223.1,211.57,2667780000.0,20260928161456,自选股,晶圆制造
002156,通富微电,58.9,-3.47,61.36,58.03,3144150000.0,20260928161403,自选股,封测
002409,雅克科技,124.7,-5.97,132.0,124.18,1679070000.0,20260928161415,自选股,半导体材料
603005,晶方科技,27.9,-5.46,29.47,27.78,762260000.0,20260928161457,自选股,封测
300567,精测电子,194.15,-4.22,204.28,191.1,992250000.0,20260928161418,自选股,半导体检测
688249,晶合集成,33.21,-4.62,35.08,33.1,574430000.0,20260928161459,自选股,晶圆制造
688498,源杰科技,1591.43,-6.39,1656.97,1561.0,6189650000.0,20260928161500,自选股,光模块/CPO
688213,思特威,92.15,-1.35,94.0,90.62,398770000.0,20260928161458,自选股,芯片设计
688220,翱捷科技,92.23,-5.27,96.9,91.3,591980000.0,20260928161452,自选股,芯片设计
688018,乐鑫科技,115.7,-2.48,119.1,114.58,485240000.0,20260928161455,自选股,芯片设计
688019,安集科技,214.9,-4.77,226.99,214.55,1058860000.0,20260928161458,自选股,半导体材料
601398,工商银行,8.15,0.25,8.25,8.11,2444280000.0,20260928161451,代表池,银行
601288,农业银行,6.86,-0.15,6.98,6.84,2190900000.0,20260928161453,代表池,银行
601939,建设银行,11.0,0.18,11.13,10.95,1089680000.0,20260928161453,代表池,银行
600036,招商银行,40.64,-0.12,41.08,40.38,2212110000.0,20260928161454,代表池,银行
601166,兴业银行,17.77,-0.62,17.96,17.72,1117800000.0,20260928161459,代表池,银行
601318,中国平安,52.4,-1.6,53.4,52.19,3747990000.0,20260928161443,代表池,保险
601601,中国太保,30.5,-1.23,31.22,30.36,1108930000.0,20260928161455,代表池,保险
601628,中国人寿,36.77,-1.76,37.71,36.75,672160000.0,20260928161449,代表池,保险
600030,中信证券,25.94,-1.33,26.32,25.79,2171580000.0,20260928161441,代表池,券商
600837,海通证券,10.41,0.0,0.0,0.0,0.0,20260928090000,代表池,券商
601688,华泰证券,17.84,-1.76,18.2,17.79,784340000.0,20260928161453,代表池,券商
300059,东方财富,17.87,-2.24,18.3,17.84,2780040000.0,20260928161412,代表池,券商
000776,广发证券,19.81,-2.75,20.36,19.8,828220000.0,20260928161412,代表池,券商
600519,贵州茅台,1243.88,0.56,1244.01,1228.1,3488720000.0,20260928161451,代表池,白酒消费
000858,五粮液,68.91,-1.09,69.66,68.72,1060220000.0,20260928161439,代表池,白酒消费
000568,泸州老窖,69.96,-0.98,70.95,69.7,398410000.0,20260928161421,代表池,白酒消费
600809,山西汾酒,110.26,-0.83,111.57,109.15,390600000.0,20260928161453,代表池,白酒消费
603288,海天味业,32.93,-2.95,33.96,32.93,547900000.0,20260928161456,代表池,食品消费
600887,伊利股份,27.03,0.48,27.05,26.7,1120500000.0,20260928161457,代表池,食品消费
000333,美的集团,82.0,-0.79,82.97,81.27,2101950000.0,20260928161424,代表池,家电消费
000651,格力电器,38.4,-0.26,38.68,38.21,926080000.0,20260928161454,代表池,家电消费
600690,海尔智家,20.16,0.1,20.39,20.1,539290000.0,20260928161440,代表池,家电消费
600276,恒瑞医药,44.47,-0.87,45.22,44.35,1654110000.0,20260928161445,代表池,医药
300760,迈瑞医疗,158.29,2.88,158.85,153.87,1418130000.0,20260928161457,代表池,医药
603259,药明康德,161.8,-0.37,165.88,159.89,5675750000.0,20260928161454,代表池,医药
300015,爱尔眼科,7.86,-0.63,7.98,7.84,286770000.0,20260928161430,代表池,医药
300122,智飞生物,12.93,-0.61,13.2,12.87,283070000.0,20260928161457,代表池,医药
000538,云南白药,50.33,0.92,50.47,49.76,351110000.0,20260928161442,代表池,医药
688271,联影医疗,105.88,3.39,106.1,102.39,864400000.0,20260928161451,代表池,医药
300750,宁德时代,291.99,-0.51,292.66,286.66,9829830000.0,20260928161451,代表池,新能源
002594,比亚迪,83.35,-1.17,84.28,83.18,1524930000.0,20260928161445,代表池,新能源车
601012,隆基绿能,10.81,-2.08,11.21,10.75,939500000.0,20260928161455,代表池,光伏
300274,阳光电源,81.06,-3.74,84.0,80.76,3309300000.0,20260928161403,代表池,光伏储能
002459,晶澳科技,6.56,-2.09,6.8,6.5,181970000.0,20260928161403,代表池,光伏
688223,晶科能源,3.68,-1.87,3.84,3.64,297350000.0,20260928161455,代表池,光伏
002466,天齐锂业,39.41,-3.64,40.37,39.27,1045240000.0,20260928161406,代表池,锂电
002460,赣锋锂业,41.9,-4.08,43.21,41.67,1220900000.0,20260928161457,代表池,锂电
300014,亿纬锂能,47.58,-2.72,48.8,47.31,1156290000.0,20260928161448,代表池,锂电
002812,恩捷股份,45.09,-2.61,46.41,44.7,488170000.0,20260928161430,代表池,锂电
601138,工业富联,58.92,-3.41,61.0,58.28,3811350000.0,20260928161458,代表池,AI服务器
000977,浪潮信息,67.05,-4.08,69.5,66.8,2953550000.0,20260928161409,代表池,AI服务器
603019,中科曙光,80.02,-2.62,82.49,80.0,1786340000.0,20260928161441,代表池,国产算力
688041,海光信息,240.5,-3.14,246.93,238.3,4157920000.0,20260928161456,代表池,国产算力
688256,寒武纪,1020.0,-6.55,1080.0,1020.0,8843410000.0,20260928161457,代表池,国产AI芯片
300496,中科创达,53.21,-3.32,55.21,53.2,370420000.0,20260928161445,代表池,软件
600570,恒生电子,19.42,-2.61,19.99,19.42,279040000.0,20260928161450,代表池,软件
002230,科大讯飞,37.25,-2.79,38.44,37.25,773510000.0,20260928161451,代表池,AI应用
300033,同花顺,198.05,-2.96,204.8,197.97,1399420000.0,20260928161415,代表池,金融科技
300454,深信服,139.37,-1.85,144.98,138.72,1943630000.0,20260928161427,代表池,软件
300308,中际旭创,815.0,-9.03,888.0,808.0,25185480000.0,20260928161409,代表池,光模块/CPO
300502,新易盛,399.7,-8.11,434.0,397.5,15810200000.0,20260928161403,代表池,光模块/CPO
300394,天孚通信,244.8,-8.63,264.0,243.0,8393960000.0,20260928161409,代表池,光模块/CPO
002281,光迅科技,163.8,-10.0,180.25,163.79,6309950000.0,20260928161421,代表池,光模块/CPO
688498,源杰科技,1591.43,-6.39,1656.97,1561.0,6189650000.0,20260928161500,代表池,光模块/CPO
000063,中兴通讯,30.79,-3.54,31.74,30.63,2156500000.0,20260928161427,代表池,通信
600522,中天科技,31.32,-10.0,34.55,31.32,7537640000.0,20260928161500,代表池,通信
600487,亨通光电,60.64,-10.0,64.0,60.64,7082820000.0,20260928161455,代表池,通信
002371,北方华创,633.93,-2.93,655.6,625.13,3796810000.0,20260928161424,代表池,半导体设备
688012,中微公司,324.5,-4.36,344.48,323.1,4663690000.0,20260928161440,代表池,半导体设备
688072,拓荆科技,653.8,-6.72,704.05,651.87,3705260000.0,20260928161458,代表池,半导体设备
688120,华海清科,234.24,-5.23,248.86,233.01,2159610000.0,20260928161456,代表池,半导体设备
688037,芯源微,340.18,-1.39,357.88,337.12,1324360000.0,20260928161451,代表池,半导体设备
300604,长川科技,248.93,-4.62,264.33,247.6,4056200000.0,20260928161436,代表池,半导体设备
688200,华峰测控,388.88,-2.31,410.6,384.0,2133030000.0,20260928161454,代表池,半导体检测
688361,中科飞测,361.24,-2.45,377.35,353.0,3131950000.0,20260928161443,代表池,半导体检测
688981,中芯国际,116.56,-2.85,119.62,115.29,3150560000.0,20260928161458,代表池,晶圆制造
688347,华虹公司,213.76,-4.61,223.1,211.57,2667780000.0,20260928161456,代表池,晶圆制造
688008,澜起科技,208.6,-2.75,213.94,205.0,6986850000.0,20260928161458,代表池,存储/接口芯片
603986,兆易创新,358.51,-6.58,380.0,357.14,10407940000.0,20260928161457,代表池,存储芯片
688525,佰维存储,198.25,-6.05,209.38,198.2,3311030000.0,20260928161442,代表池,存储芯片
688126,沪硅产业,23.83,-3.91,24.7,23.73,1411860000.0,20260928161451,代表池,半导体材料
688019,安集科技,214.9,-4.77,226.99,214.55,1058860000.0,20260928161458,代表池,半导体材料
300666,江丰电子,232.64,-4.51,244.97,229.6,1590360000.0,20260928161430,代表池,半导体材料
600584,长电科技,65.43,-4.87,68.75,65.06,4015130000.0,20260928161500,代表池,封测
002156,通富微电,58.9,-3.47,61.36,58.03,3144150000.0,20260928161403,代表池,封测
002916,深南电路,370.98,-5.96,393.5,368.83,2888350000.0,20260928161406,代表池,PCB
300476,胜宏科技,213.5,-8.25,231.49,213.29,5950410000.0,20260928161439,代表池,PCB
002463,沪电股份,117.2,-5.52,123.75,116.23,4997110000.0,20260928161500,代表池,PCB
600183,生益科技,131.95,-3.92,138.5,130.0,6066530000.0,20260928161451,代表池,覆铜板
002384,东山精密,168.28,-9.52,184.61,167.84,10009350000.0,20260928161500,代表池,PCB/消费电子
603228,景旺电子,95.0,-8.26,103.49,93.5,2556700000.0,20260928161454,代表池,PCB
002436,兴森科技,41.14,-5.01,43.87,41.0,3760700000.0,20260928161427,代表池,PCB
002475,立讯精密,49.92,-4.0,52.17,49.3,4654260000.0,20260928161436,代表池,消费电子
000725,京东方A,5.8,-0.85,6.09,5.76,8247030000.0,20260928161454,代表池,面板
002241,歌尔股份,23.15,-3.3,24.3,22.98,1724810000.0,20260928161454,代表池,消费电子
300433,蓝思科技,31.6,-3.86,33.29,31.44,1870930000.0,20260928161418,代表池,消费电子
300124,汇川技术,52.29,0.79,53.08,51.89,1579730000.0,20260928161400,代表池,工业自动化
002747,埃斯顿,28.45,-3.07,29.89,28.3,860290000.0,20260928161418,代表池,机器人
002236,大华股份,15.22,-2.06,15.53,15.17,294150000.0,20260928161421,代表池,安防AI
002415,海康威视,32.16,-1.44,32.64,31.99,1240520000.0,20260928161418,代表池,安防AI
600893,航发动力,38.68,1.02,39.43,38.24,1070390000.0,20260928161443,代表池,军工
600760,中航沈飞,43.34,0.72,43.49,42.7,399750000.0,20260928161443,代表池,军工
000768,中航西飞,22.92,3.71,23.05,22.02,958550000.0,20260928161448,代表池,军工
002179,中航光电,33.27,-2.83,34.25,32.87,748770000.0,20260928161433,代表池,军工电子
300661,圣邦股份,117.0,-2.94,123.53,116.6,1264980000.0,20260928161421,代表池,模拟芯片
601899,紫金矿业,29.42,-1.97,29.69,29.05,4892450000.0,20260928161453,代表池,有色
600547,山东黄金,26.16,-10.01,27.6,26.16,3716230000.0,20260928161458,代表池,黄金
601600,中国铝业,8.68,-2.25,8.81,8.62,1276410000.0,20260928161453,代表池,有色
603993,洛阳钼业,16.83,-1.46,16.95,16.61,1922470000.0,20260928161451,代表池,有色
600028,中国石化,5.41,1.69,5.42,5.28,1214710000.0,20260928161440,代表池,石油
601857,中国石油,11.19,2.19,11.22,10.83,1807220000.0,20260928161449,代表池,石油
601088,中国神华,48.39,0.75,48.41,47.56,1109200000.0,20260928161459,代表池,煤炭
601225,陕西煤业,25.85,0.08,26.0,25.25,794430000.0,20260928161455,代表池,煤炭
600048,保利发展,5.61,0.9,5.64,5.51,820040000.0,20260928161441,代表池,地产
000002,万科A,3.71,-1.33,3.87,3.65,1678600000.0,20260928161500,代表池,地产
601668,中国建筑,4.22,-0.94,4.27,4.2,750060000.0,20260928161438,代表池,基建
601390,中国中铁,4.22,-0.71,4.25,4.2,235540000.0,20260928161452,代表池,基建
601186,中国铁建,5.93,-0.84,5.99,5.92,137980000.0,20260928161449,代表池,基建
